id,code,name,user_type_id/id,tax_ids/id,currency_id/id,reconcile,deprecated
__setup__.account_account_meteotest_1001,1001,Kasse,account.data_account_type_liquidity,,,False,False
__setup__.account_account_meteotest_1003,1003,Kasse EURO,account.data_account_type_liquidity,,base.EUR,False,False
__setup__.account_account_meteotest_1002,1002,Kasse Meeting  IEA,account.data_account_type_liquidity,,,False,False
__setup__.account_account_meteotest_1010,1010,PostFinance 30-20363-0,account.data_account_type_liquidity,,,False,False
__setup__.account_account_meteotest_1020,1020,UBS KK 90-213689.0,account.data_account_type_liquidity,,,False,False
__setup__.account_account_meteotest_1021,1021,BEKB KK 16 923.897.5.04,account.data_account_type_liquidity,,,False,False
__setup__.account_account_meteotest_1022,1022,UBS SK 90-213689.6,account.data_account_type_liquidity,,,False,False
__setup__.account_account_meteotest_1023,1023,BEKB KK EUR 16 924.375.9.22,account.data_account_type_liquidity,,base.EUR,False,False
__setup__.account_account_meteotest_1026,1026,Guthaben Kreditkarte,account.data_account_type_liquidity,,,False,False
__setup__.account_account_meteotest_1029,1029,UBS KK EUR 235-FJ132718.0,account.data_account_type_liquidity,,base.EUR,False,False
__setup__.account_account_meteotest_1060,1060,Wertschriften,account.data_account_type_current_assets,,,False,False
__setup__.account_account_meteotest_1069,1069,Wertberichtigungen Wertschriften,account.data_account_type_current_assets,,,False,False
__setup__.account_account_meteotest_1090,1090,Geldtransfer-Konto,account.data_account_type_current_assets,,,True,False
__setup__.account_account_meteotest_1091,1091,Compte d'attente pour salaires,account.data_account_type_current_assets,,,True,False
__setup__.account_account_meteotest_1099,1099,Compte d'attente autre,account.data_account_type_current_assets,,,True,False
__setup__.account_account_meteotest_1100,1100,Forderungen Schweiz,account.data_account_type_receivable,,,True,False
__setup__.account_account_meteotest_1101,1101,Forderungen Ausland,account.data_account_type_receivable,,,True,False
__setup__.account_account_meteotest_1102,1102,Forderungen Ausland EUR,account.data_account_type_receivable,,base.EUR,True,False
__setup__.account_account_meteotest_1105,1105,Forderungen meteonorm ,account.data_account_type_receivable,,,True,False
__setup__.account_account_meteotest_1109,1109,WB Forderungen aus L+L pauschal,account.data_account_type_current_assets,,,False,False
__setup__.account_account_meteotest_1110,1110,Einzel-WB Forderungen aus L+L,account.data_account_type_current_assets,,,False,False
__setup__.account_account_meteotest_1140,1140,Vorschüsse und Darlehen,account.data_account_type_current_assets,,,False,False
__setup__.account_account_meteotest_1141,1141,Darlehen Emanuel Adair Boder,account.data_account_type_current_assets,,,False,False
__setup__.account_account_meteotest_1149,1149,Wertberichtigungen Vorschüsse und Darlehen,account.data_account_type_current_assets,,,False,False
__setup__.account_account_meteotest_1170,1170,MWST: Vorsteuer auf Materialaufwand/Dienstleistung,account.data_account_type_current_assets,,,False,False
__setup__.account_account_meteotest_1171,1171,MWST: Vorsteuer auf Investitionen/übriger Betriebs,account.data_account_type_current_assets,,,False,False
__setup__.account_account_meteotest_1176,1176,Verrechnungssteuer,account.data_account_type_current_assets,,,False,False
__setup__.account_account_meteotest_1180,1180,Kontokorrent Helvetia BVG,account.data_account_type_current_assets,,,False,False
__setup__.account_account_meteotest_1189,1189,Quellensteuer,account.data_account_type_current_assets,,,False,False
__setup__.account_account_meteotest_1190,1190,Übrige kurzfristige Forderungen,account.data_account_type_current_assets,,,False,False
__setup__.account_account_meteotest_1199,1199,Wertberichtigungen sonstige kurzfristige Forderungen,account.data_account_type_current_assets,,,False,False
__setup__.account_account_meteotest_1200,1200,Handelswaren,account.data_account_type_current_assets,,,False,False
__setup__.account_account_meteotest_1207,1207,Variation des stocks de marchandises,account.data_account_type_current_assets,,,False,False
__setup__.account_account_meteotest_1208,1208,Acomptes sur les marchandises commerciales,account.data_account_type_current_assets,,,False,False
__setup__.account_account_meteotest_1209,1209,Corrections de la valeur des stocks de marchandises,account.data_account_type_current_assets,,,False,False
__setup__.account_account_meteotest_1210,1210,Rohstoffe,account.data_account_type_current_assets,,,False,False
__setup__.account_account_meteotest_1217,1217,Variation des stocks des matières premières,account.data_account_type_current_assets,,,False,False
__setup__.account_account_meteotest_1218,1218,Acomptes sur matières premières,account.data_account_type_current_assets,,,False,False
__setup__.account_account_meteotest_1219,1219,Corrections de la valeur sur matières premières,account.data_account_type_current_assets,,,False,False
__setup__.account_account_meteotest_1220,1220,Werkstoffe,account.data_account_type_current_assets,,,False,False
__setup__.account_account_meteotest_1230,1230,Hilfs- und Verbrauchsmaterial,account.data_account_type_current_assets,,,False,False
__setup__.account_account_meteotest_1250,1250,Handelswaren in Konsignation,account.data_account_type_current_assets,,,False,False
__setup__.account_account_meteotest_1260,1260,Fertige Erzeugnisse,account.data_account_type_current_assets,,,False,False
__setup__.account_account_meteotest_1267,1267,Variation de stocks de produits finis,account.data_account_type_current_assets,,,False,False
__setup__.account_account_meteotest_1269,1269,Correction de la valeur de stocks de produits finis,account.data_account_type_current_assets,,,False,False
__setup__.account_account_meteotest_1270,1270,Unfertige Erzeugnisse,account.data_account_type_current_assets,,,False,False
__setup__.account_account_meteotest_1277,1277,Variation de stock produits semi-ouvrés,account.data_account_type_current_assets,,,False,False
__setup__.account_account_meteotest_1279,1279,Corrections de la valeur des stock produits semi-ouvrés,account.data_account_type_current_assets,,,False,False
__setup__.account_account_meteotest_1280,1280,Nicht fakturierte Dienstleist,account.data_account_type_current_assets,,,False,False
__setup__.account_account_meteotest_1287,1287,Variation de la valeur des travaux en cours,account.data_account_type_current_assets,,,False,False
__setup__.account_account_meteotest_1289,1289,Corrections de la valeur des travaux en cours,account.data_account_type_current_assets,,,False,False
__setup__.account_account_meteotest_1300,1300,Bezahlter Aufwand des Folgejahrs,account.data_account_type_current_assets,,,False,False
__setup__.account_account_meteotest_1301,1301,Noch nicht erhaltener Ertrag,account.data_account_type_current_assets,,,False,False
__setup__.account_account_meteotest_1310,1310,BVG Allianz-Sammelstiftung,account.data_account_type_current_assets,,,False,False
__setup__.account_account_meteotest_1400,1400,Wertschriften,account.data_account_type_current_assets,,,False,False
__setup__.account_account_meteotest_1409,1409,Wertberichtigungen Wertschriften,account.data_account_type_current_assets,,,False,False
__setup__.account_account_meteotest_1440,1440,Darlehen Egon AG,account.data_account_type_current_assets,,,False,False
__setup__.account_account_meteotest_1441,1441,Hypotheken,account.data_account_type_current_assets,,,False,False
__setup__.account_account_meteotest_1449,1449,Wertberichtigungen langfristige Forderungen,account.data_account_type_current_assets,,,False,False
__setup__.account_account_meteotest_1480,1480,Beteiligung Egon AG,account.data_account_type_current_assets,,,False,False
__setup__.account_account_meteotest_1481,1481,Beteiligung Vela Solaris AG,account.data_account_type_current_assets,,,False,False
__setup__.account_account_meteotest_1482,1482,Beteiligung MT GmbH,account.data_account_type_current_assets,,,False,False
__setup__.account_account_meteotest_1489,1489,WB Beteiligungen,account.data_account_type_current_assets,,,False,False
__setup__.account_account_meteotest_1500,1500,Maschinen und Apparate,account.data_account_type_current_assets,,,False,False
__setup__.account_account_meteotest_1509,1509,Abschreibungen auf Maschinen und Apparate,account.data_account_type_current_assets,,,False,False
__setup__.account_account_meteotest_1510,1510,Mobiliar und Einrichtungen,account.data_account_type_current_assets,,,False,False
__setup__.account_account_meteotest_1519,1519,Abschreibungen auf Mobiliar und Einrichtungen,account.data_account_type_current_assets,,,False,False
__setup__.account_account_meteotest_1520,1520,"Büromaschinen, Informatik",account.data_account_type_current_assets,,,False,False
__setup__.account_account_meteotest_1529,1529,"Abschreibungen auf Büromaschinen, Informatik, Kommunikationstechnologie",account.data_account_type_current_assets,,,False,False
__setup__.account_account_meteotest_1530,1530,Fahrzeuge,account.data_account_type_current_assets,,,False,False
__setup__.account_account_meteotest_1539,1539,Abschreibungen auf Fahrzeuge,account.data_account_type_current_assets,,,False,False
__setup__.account_account_meteotest_1540,1540,Werkzeuge und Geräte,account.data_account_type_current_assets,,,False,False
__setup__.account_account_meteotest_1549,1549,Abschreibungen auf Werkzeuge und Geräte,account.data_account_type_current_assets,,,False,False
__setup__.account_account_meteotest_1550,1550,Installations de stockage,account.data_account_type_current_assets,,,False,False
__setup__.account_account_meteotest_1559,1559,Amortissements sur les installations de stockage,account.data_account_type_current_assets,,,False,False
__setup__.account_account_meteotest_1570,1570,Equipements et Installations,account.data_account_type_current_assets,,,False,False
__setup__.account_account_meteotest_1579,1579,Amortissements sur les équipements et installations,account.data_account_type_current_assets,,,False,False
__setup__.account_account_meteotest_1590,1590,Meteorologische Messgeräte ,account.data_account_type_current_assets,,,False,False
__setup__.account_account_meteotest_1599,1599,Amortissements sur les autres immobilisations corporelles meubles,account.data_account_type_current_assets,,,False,False
__setup__.account_account_meteotest_1600,1600,Geschäftsliegenschaft Muesmatt,account.data_account_type_current_assets,,,False,False
__setup__.account_account_meteotest_1609,1609,Abschreibungen auf Geschäftsliegenschaften,account.data_account_type_current_assets,,,False,False
__setup__.account_account_meteotest_1610,1610,Umbau Geschäftsliegenschaft Muesmatt,account.data_account_type_current_assets,,,False,False
__setup__.account_account_meteotest_1700,1700,"Patente, Know-how, Lizenzen, Rechte, Entwicklungen",account.data_account_type_current_assets,,,False,False
__setup__.account_account_meteotest_1709,1709,"Abschreibungen auf Patente, Know-how, Lizenzen, Rechte, Entwicklungen",account.data_account_type_current_assets,,,False,False
__setup__.account_account_meteotest_1770,1770,Goodwill,account.data_account_type_current_assets,,,False,False
__setup__.account_account_meteotest_1779,1779,Wertberichtigungen Goodwill,account.data_account_type_current_assets,,,False,False
__setup__.account_account_meteotest_1850,1850,"Nicht einbezahltes Aktien-, Stamm-, Anteilschein- oder",account.data_account_type_current_assets,,,False,False
__setup__.account_account_meteotest_2000,2000,Verbindlichkeiten aus L+L,account.data_account_type_payable,,,True,False
__setup__.account_account_meteotest_2001,2001,LÖ Verbindlichkeiten EUR,account.data_account_type_payable,,base.EUR,True,False
__setup__.account_account_meteotest_2002,2002,Verbindlichkeiten für Personalaufwand,account.data_account_type_payable,,,True,False
__setup__.account_account_meteotest_2030,2030,Erhaltene Anzahlungen,account.data_account_type_current_liabilities,,,False,False
__setup__.account_account_meteotest_2068,2068,Verbindlichkeiten ggü Revisionsstelle,account.data_account_type_current_liabilities,,,False,False
__setup__.account_account_meteotest_2100,2100,BEKB KK CHF 16 927.860.6.34 Umbaukonto,account.data_account_type_current_liabilities,,,False,False
__setup__.account_account_meteotest_2120,2120,Verbindlichkeiten aus Finanzierungsleasing,account.data_account_type_current_liabilities,,,False,False
__setup__.account_account_meteotest_2140,2140,Übrige verzinsliche Verbindlichkeiten,account.data_account_type_current_liabilities,,,False,False
__setup__.account_account_meteotest_2160,2160,Dettes envers l'actionnaire,account.data_account_type_current_liabilities,,,False,False
__setup__.account_account_meteotest_2170,2170,Verbindlichkeiten ggü Vorsorgeeinrichtung,account.data_account_type_current_liabilities,,,False,False
__setup__.account_account_meteotest_2200,2200,Umsatzsteuer MWSt.,account.data_account_type_current_liabilities,,,False,False
__setup__.account_account_meteotest_2201,2201,Kreditoren MWSt.,account.data_account_type_current_liabilities,,,False,False
__setup__.account_account_meteotest_2206,2206,Verrechnungssteuer,account.data_account_type_current_liabilities,,,False,False
__setup__.account_account_meteotest_2208,2208,Direkte Steuern,account.data_account_type_current_liabilities,,,False,False
__setup__.account_account_meteotest_2210,2210,LÖ Kreditoren Löhne,account.data_account_type_current_liabilities,,,False,False
__setup__.account_account_meteotest_2220,2220,Fonds zur Förderung wissenschaftlicher Arbeiten,account.data_account_type_current_liabilities,,,False,False
__setup__.account_account_meteotest_2261,2261,Beschlossene Ausschüttungen,account.data_account_type_current_liabilities,,,False,False
__setup__.account_account_meteotest_2270,2270,Sozialversicherungen und Vorsorgeeinrichtungen,account.data_account_type_current_liabilities,,,False,False
__setup__.account_account_meteotest_2279,2279,Kontokorrent Quellensteuer,account.data_account_type_current_liabilities,,,False,False
__setup__.account_account_meteotest_2300,2300,Noch nicht bezahlter Aufwand,account.data_account_type_current_liabilities,,,False,False
__setup__.account_account_meteotest_2301,2301,Erhaltener Ertrag des Folgejahrs,account.data_account_type_current_liabilities,,,False,False
__setup__.account_account_meteotest_2330,2330,Kurzfristige Rückstellungen,account.data_account_type_current_liabilities,,,False,False
__setup__.account_account_meteotest_2400,2400,Bankverbindlichkeiten,account.data_account_type_current_liabilities,,,False,False
__setup__.account_account_meteotest_2420,2420,Verbindlichkeiten aus Finanzierungsleasing,account.data_account_type_current_liabilities,,,False,False
__setup__.account_account_meteotest_2430,2430,Obligationenanleihen,account.data_account_type_current_liabilities,,,False,False
__setup__.account_account_meteotest_2440,2440,Hypothek,account.data_account_type_current_liabilities,,,False,False
__setup__.account_account_meteotest_2450,2450,Baukredit,account.data_account_type_current_liabilities,,,False,False
__setup__.account_account_meteotest_2451,2451,Hypotheken,account.data_account_type_current_liabilities,,,False,False
__setup__.account_account_meteotest_2500,2500,Übrige langfristige Verbindlichkeiten,account.data_account_type_current_liabilities,,,False,False
__setup__.account_account_meteotest_2600,2600,Rückstellungen,account.data_account_type_current_liabilities,,,False,False
__setup__.account_account_meteotest_2620,2620,LÖ Rückstellung für betriebliebliche Umstrukturierung,account.data_account_type_current_liabilities,,,False,False
__setup__.account_account_meteotest_2630,2630,Rückstellung für Garantieverpflichtungen,account.data_account_type_current_liabilities,,,False,False
__setup__.account_account_meteotest_2650,2650,Rückstellung für Rep. und Unterh. Muesmatt,account.data_account_type_current_liabilities,,,False,False
__setup__.account_account_meteotest_2652,2652,Rückstellung für Forschung und Entwicklung,account.data_account_type_current_liabilities,,,False,False
__setup__.account_account_meteotest_2800,2800,Anteilscheinkapital,account.data_account_type_equity,,,False,False
__setup__.account_account_meteotest_2900,2900,Gesetzliche Kapitalreserve,account.data_account_type_equity,,,False,False
__setup__.account_account_meteotest_2940,2940,Aufwertungsreserve,account.data_account_type_equity,,,False,False
__setup__.account_account_meteotest_2950,2950,Gesetzliche Gewinnreserve,account.data_account_type_equity,,,False,False
__setup__.account_account_meteotest_2960,2960,Statutarische Gewinnreserve,account.data_account_type_equity,,,False,False
__setup__.account_account_meteotest_2961,2961,Beschlussmässige Gewinnreserve,account.data_account_type_equity,,,False,False
__setup__.account_account_meteotest_2962,2962,Freiwillige Gewinnreserve,account.data_account_type_equity,,,False,False
__setup__.account_account_meteotest_2970,2970,Gewinnvortrag,account.data_account_type_equity,,,False,False
__setup__.account_account_meteotest_2979,2979,Jahresgewinn,account.data_account_type_equity,,,False,False
__setup__.account_account_meteotest_2980,2980,Eigene Anteilscheine,account.data_account_type_equity,,,False,False
__setup__.account_account_meteotest_3000,3000,Produktionserlöse,account.data_account_type_revenue,,,False,False
__setup__.account_account_meteotest_3009,3009,Erlösminderungen,account.data_account_type_revenue,,,False,False
__setup__.account_account_meteotest_3200,3200,Handelserlöse,account.data_account_type_revenue,,,False,False
__setup__.account_account_meteotest_3400,3400,Dienstleistungsertrag 8%,account.data_account_type_revenue,,,False,False
__setup__.account_account_meteotest_3401,3401,Leistungen im Ausland 0%,account.data_account_type_revenue,,,False,False
__setup__.account_account_meteotest_3402,3402,Forschungsbeträge/Subv. 0%,account.data_account_type_revenue,,,False,False
__setup__.account_account_meteotest_3403,3403,Referententätigkeiten 0%,account.data_account_type_revenue,,,False,False
__setup__.account_account_meteotest_3407,3407,Bruttoerlöse aus Nebenleistungen,account.data_account_type_revenue,,,False,False
__setup__.account_account_meteotest_3408,3408,Bestandesänderungen Forderungen,account.data_account_type_revenue,,,False,False
__setup__.account_account_meteotest_3495,3495,"Verluste Forderungen, Veränderung WB",account.data_account_type_revenue,,,False,False
__setup__.account_account_meteotest_3496,3496,Kursdifferenzen,account.data_account_type_revenue,,,False,False
__setup__.account_account_meteotest_3497,3497,"Rabatte, Skonto",account.data_account_type_revenue,,,False,False
__setup__.account_account_meteotest_3600,3600,Übrige Erlöse aus Lieferungen und Leistungen,account.data_account_type_revenue,,,False,False
__setup__.account_account_meteotest_3700,3700,Eigenleistungen,account.data_account_type_revenue,,,False,False
__setup__.account_account_meteotest_3710,3710,Eigenverbrauch,account.data_account_type_revenue,,,False,False
__setup__.account_account_meteotest_3800,3800,Erlösminderungen,account.data_account_type_revenue,,,False,False
__setup__.account_account_meteotest_3801,3801,Rabais et réduction de prix,account.data_account_type_revenue,,,False,False
__setup__.account_account_meteotest_3802,3802,Ristournes,account.data_account_type_revenue,,,False,False
__setup__.account_account_meteotest_3803,3803,Commissions de tiers,account.data_account_type_revenue,,,False,False
__setup__.account_account_meteotest_3804,3804,Frais d'encaissement,account.data_account_type_revenue,,,False,False
__setup__.account_account_meteotest_3805,3805,"Verluste Forderungen (Debitoren), Veränderung Delkredere",account.data_account_type_revenue,,,False,False
__setup__.account_account_meteotest_3806,3806,Différences de change,account.data_account_type_revenue,,,False,False
__setup__.account_account_meteotest_3807,3807,Frais d'expédition,account.data_account_type_revenue,,,False,False
__setup__.account_account_meteotest_3900,3900,Bestandesänderungen unfertige Erzeugnisse,account.data_account_type_revenue,,,False,False
__setup__.account_account_meteotest_3901,3901,Bestandesänderungen fertige Erzeugnisse,account.data_account_type_revenue,,,False,False
__setup__.account_account_meteotest_3940,3940,Bestandesänderungen nicht fakturierte Dienstleistungen,account.data_account_type_revenue,,,False,False
__setup__.account_account_meteotest_4000,4000,Materialaufwand Produktion,account.data_account_type_expenses,,,False,False
__setup__.account_account_meteotest_4008,4008,Variations de stocks,account.data_account_type_expenses,,,False,False
__setup__.account_account_meteotest_4009,4009,Déductions obtenues sur achats,account.data_account_type_expenses,,,False,False
__setup__.account_account_meteotest_4070,4070,Frêts à l'achat,account.data_account_type_expenses,,,False,False
__setup__.account_account_meteotest_4071,4071,Droits de douanes à l'importation,account.data_account_type_expenses,,,False,False
__setup__.account_account_meteotest_4072,4072,Frais de transport à l'achat,account.data_account_type_expenses,,,False,False
__setup__.account_account_meteotest_4080,4080,Variations de stocks,account.data_account_type_expenses,,,False,False
__setup__.account_account_meteotest_4086,4086,Pertes de matières,account.data_account_type_expenses,,,False,False
__setup__.account_account_meteotest_4200,4200,Handelswarenaufwand,account.data_account_type_expenses,,,False,False
__setup__.account_account_meteotest_4400,4400,Aufwand für bezogene Dienstleistungen,account.data_account_type_expenses,,,False,False
__setup__.account_account_meteotest_4415,4415,"Einkauf Material, Daten und DL",account.data_account_type_expenses,,,False,False
__setup__.account_account_meteotest_4419,4419,Direkt verrechenbarer Aufwand,account.data_account_type_expenses,,,False,False
__setup__.account_account_meteotest_4500,4500,Strom,account.data_account_type_expenses,,,False,False
__setup__.account_account_meteotest_4510,4510,Gaz,account.data_account_type_expenses,,,False,False
__setup__.account_account_meteotest_4520,4520,Heizöl,account.data_account_type_expenses,,,False,False
__setup__.account_account_meteotest_4521,4521,"Charbon, briquettes, bois",account.data_account_type_expenses,,,False,False
__setup__.account_account_meteotest_4530,4530,Benzin,account.data_account_type_expenses,,,False,False
__setup__.account_account_meteotest_4540,4540,Wasser,account.data_account_type_expenses,,,False,False
__setup__.account_account_meteotest_4800,4800,Variation des stocks de marchandises,account.data_account_type_expenses,,,False,False
__setup__.account_account_meteotest_4801,4801,Variation des stocks de matières premières,account.data_account_type_expenses,,,False,False
__setup__.account_account_meteotest_4900,4900,Escomptes,account.data_account_type_expenses,,,False,False
__setup__.account_account_meteotest_4901,4901,Rabais et réductions de prix,account.data_account_type_expenses,,,False,False
__setup__.account_account_meteotest_4902,4902,Ristournes,account.data_account_type_expenses,,,False,False
__setup__.account_account_meteotest_4903,4903,Commissions obtenues sur achats,account.data_account_type_expenses,,,False,False
__setup__.account_account_meteotest_4906,4906,Différences de change,account.data_account_type_expenses,,,False,False
__setup__.account_account_meteotest_5000,5000,Lohnaufwand,account.data_account_type_expenses,,,False,False
__setup__.account_account_meteotest_5400,5400,Löhne,account.data_account_type_expenses,,,False,False
__setup__.account_account_meteotest_5405,5405,Leistungen von Sozialversicherungen,account.data_account_type_expenses,,,False,False
__setup__.account_account_meteotest_5470,5470,"AHV, IV, EO, ALV",account.data_account_type_expenses,,,False,False
__setup__.account_account_meteotest_5471,5471,Familienzulagen,account.data_account_type_expenses,,,False,False
__setup__.account_account_meteotest_5472,5472,Vorsorgeeinrichtungen,account.data_account_type_expenses,,,False,False
__setup__.account_account_meteotest_5473,5473,Unfallversicherung,account.data_account_type_expenses,,,False,False
__setup__.account_account_meteotest_5474,5474,Krankentaggeldversicherung,account.data_account_type_expenses,,,False,False
__setup__.account_account_meteotest_5479,5479,Quellensteuer,account.data_account_type_expenses,,,False,False
__setup__.account_account_meteotest_5480,5480,Personalbeschaffung,account.data_account_type_expenses,,,False,False
__setup__.account_account_meteotest_5481,5481,Aus- und Weiterbildung,account.data_account_type_expenses,,,False,False
__setup__.account_account_meteotest_5482,5482,Spesenentschädigungen effektiv,account.data_account_type_expenses,,,False,False
__setup__.account_account_meteotest_5483,5483,Spesenentschädigungen pauschal,account.data_account_type_expenses,,,False,False
__setup__.account_account_meteotest_5489,5489,Übriger Personalaufwand,account.data_account_type_expenses,,,False,False
__setup__.account_account_meteotest_5700,5700,Sozialversicherungsaufwand,account.data_account_type_expenses,,,False,False
__setup__.account_account_meteotest_5800,5800,Übriger Personalaufwand,account.data_account_type_expenses,,,False,False
__setup__.account_account_meteotest_5900,5900,Leistungen Dritter,account.data_account_type_expenses,,,False,False
__setup__.account_account_meteotest_6000,6000,Mietzinse extern,account.data_account_type_expenses,,,False,False
__setup__.account_account_meteotest_6040,6040,Reinigung,account.data_account_type_expenses,,,False,False
__setup__.account_account_meteotest_6050,6050,Unterhalt Geschäftsräume,account.data_account_type_expenses,,,False,False
__setup__.account_account_meteotest_6100,6100,"URE Werkstatt, meteorologische Messgeräte",account.data_account_type_expenses,,,False,False
__setup__.account_account_meteotest_6101,6101,"URE Mobiliar, Einrichtungen",account.data_account_type_expenses,,,False,False
__setup__.account_account_meteotest_6105,6105,Leasingaufwand mobile Sachanlagen,account.data_account_type_expenses,,,False,False
__setup__.account_account_meteotest_6200,6200,"Reparaturen, Servicearbeiten, Reinigung",account.data_account_type_expenses,,,False,False
__setup__.account_account_meteotest_6201,6201,Private Km Entsch. der MA,account.data_account_type_expenses,,,False,False
__setup__.account_account_meteotest_6210,6210,Benzin,account.data_account_type_expenses,,,False,False
__setup__.account_account_meteotest_6220,6220,Versicherungen,account.data_account_type_expenses,,,False,False
__setup__.account_account_meteotest_6230,6230,Verkehrsabgaben,account.data_account_type_expenses,,,False,False
__setup__.account_account_meteotest_6260,6260,Fahrzeugleasing und -mieten,account.data_account_type_expenses,,,False,False
__setup__.account_account_meteotest_6300,6300,"Elementarvers., Gebäudevers.",account.data_account_type_expenses,,,False,False
__setup__.account_account_meteotest_6310,6310,Betriebshaftpflichtversicherung,account.data_account_type_expenses,,,False,False
__setup__.account_account_meteotest_6360,6360,"Abgaben, Gebühren, Bewilligungen",account.data_account_type_expenses,,,False,False
__setup__.account_account_meteotest_6400,6400,Elektrizität,account.data_account_type_expenses,,,False,False
__setup__.account_account_meteotest_6420,6420,"Brennstoffe, Heizmaterial",account.data_account_type_expenses,,,False,False
__setup__.account_account_meteotest_6430,6430,Wasser,account.data_account_type_expenses,,,False,False
__setup__.account_account_meteotest_6460,6460,Entsorgungsaufwand,account.data_account_type_expenses,,,False,False
__setup__.account_account_meteotest_6500,6500,Büromaterial,account.data_account_type_expenses,,,False,False
__setup__.account_account_meteotest_6501,6501,"Drucksachen, Fachliteratur",account.data_account_type_expenses,,,False,False
__setup__.account_account_meteotest_6510,6510,"Telefon, Internet",account.data_account_type_expenses,,,False,False
__setup__.account_account_meteotest_6513,6513,Porti,account.data_account_type_expenses,,,False,False
__setup__.account_account_meteotest_6520,6520,"Beiträge, Spenden, Trinkgelder",account.data_account_type_expenses,,,False,False
__setup__.account_account_meteotest_6530,6530,Buchführungs- und Beratungsaufwand,account.data_account_type_expenses,,,False,False
__setup__.account_account_meteotest_6542,6542,Aufwand Revisionsstelle,account.data_account_type_expenses,,,False,False
__setup__.account_account_meteotest_6559,6559,Sonstiger Verwaltungsaufwand,account.data_account_type_expenses,,,False,False
__setup__.account_account_meteotest_6570,6570,IT-Hardware,account.data_account_type_expenses,,,False,False
__setup__.account_account_meteotest_6571,6571,IT-Software ,account.data_account_type_expenses,,,False,False
__setup__.account_account_meteotest_6573,6573,IT Betriebsaufwand ,account.data_account_type_expenses,,,False,False
__setup__.account_account_meteotest_6600,6600,Werbeaufwand,account.data_account_type_expenses,,,False,False
__setup__.account_account_meteotest_6610,6610,"Werbeinserate, elektr. Medien",account.data_account_type_expenses,,,False,False
__setup__.account_account_meteotest_6620,6620,"Werbedrucksachen, Werbematerial",account.data_account_type_expenses,,,False,False
__setup__.account_account_meteotest_6640,6640,"Reisespesen, Kundenbetreuung",account.data_account_type_expenses,,,False,False
__setup__.account_account_meteotest_6642,6642,Kundengeschenke,account.data_account_type_expenses,,,False,False
__setup__.account_account_meteotest_6660,6660,"Werbebeiträge, Sponsoring",account.data_account_type_expenses,,,False,False
__setup__.account_account_meteotest_6700,6700,Sonstiger betrieblicher Aufwand,account.data_account_type_expenses,,,False,False
__setup__.account_account_meteotest_6800,6800,Abschreibungen und Wertberichtigungen auf Positionen des Anlagevermögens,account.data_account_type_expenses,,,False,False
__setup__.account_account_meteotest_6810,6810,WB Beteiligungen,account.data_account_type_expenses,,,False,False
__setup__.account_account_meteotest_6820,6820,Abschr. Mobiliar und Einrichtungen,account.data_account_type_expenses,,,False,False
__setup__.account_account_meteotest_6821,6821,"Abschr. Büromasch., Informatik",account.data_account_type_expenses,,,False,False
__setup__.account_account_meteotest_6822,6822,Abschr. Fahrzeuge,account.data_account_type_expenses,,,False,False
__setup__.account_account_meteotest_6823,6823,Abschr. meteorologische Messgeräte,account.data_account_type_expenses,,,False,False
__setup__.account_account_meteotest_6830,6830,Abschr. Geschäftsliegenschaft Muesmatt,account.data_account_type_expenses,,,False,False
__setup__.account_account_meteotest_6900,6900,Bankkreditzinsaufwand,account.data_account_type_expenses,,,False,False
__setup__.account_account_meteotest_6902,6902,Hypothekarzinsaufwand,account.data_account_type_expenses,,,False,False
__setup__.account_account_meteotest_6940,6940,Bankspesen,account.data_account_type_expenses,,,False,False
__setup__.account_account_meteotest_6941,6941,Kursdifferenzen,account.data_account_type_expenses,,,False,False
__setup__.account_account_meteotest_6950,6950,Erträge aus Bankguthaben,account.data_account_type_expenses,,,False,False
__setup__.account_account_meteotest_6961,6961,Erträge aus übr. Finanzanlagen (Aktivhyp.),account.data_account_type_expenses,,,False,False
__setup__.account_account_meteotest_7000,7000,Ertrag Nebenbetrieb,account.data_account_type_revenue,,,False,False
__setup__.account_account_meteotest_7010,7010,Aufwand Nebenbetrieb,account.data_account_type_expenses,,,False,False
__setup__.account_account_meteotest_7500,7500,Ertrag betriebliche Liegenschaft,account.data_account_type_revenue,,,False,False
__setup__.account_account_meteotest_7510,7510,Aufwand betriebliche Liegenschaft,account.data_account_type_expenses,,,False,False
__setup__.account_account_meteotest_8000,8000,Betriebsfremder Aufwand,account.data_account_type_expenses,,,False,False
__setup__.account_account_meteotest_8100,8100,Betriebsfremder Ertrag,account.data_account_type_revenue,,,False,False
__setup__.account_account_meteotest_8500,8500,Ausserordentliche Reservenbildung,account.data_account_type_expenses,,,False,False
__setup__.account_account_meteotest_8501,8501,Ausserordentliche Rückstellungen,account.data_account_type_expenses,,,False,False
__setup__.account_account_meteotest_8504,8504,Ausserordentliche Verluste aus Veräuss. AV,account.data_account_type_expenses,,,False,False
__setup__.account_account_meteotest_8505,8505,Ausserordentliche Verluste von Forderungen,account.data_account_type_expenses,,,False,False
__setup__.account_account_meteotest_8510,8510,Auflösung von Reserven,account.data_account_type_revenue,,,False,False
__setup__.account_account_meteotest_8511,8511,Auflösung von nicht benötigten Rückstellungen,account.data_account_type_revenue,,,False,False
__setup__.account_account_meteotest_8514,8514,Ausserordentliche Gewinne aus Veräuss. von AV,account.data_account_type_revenue,,,False,False
__setup__.account_account_meteotest_8704,8704,Bildung Arbeitgeberbeitragsreerve,account.data_account_type_revenue,,,False,False
__setup__.account_account_meteotest_8709,8709,Übriger periodenfremder Aufwand,account.data_account_type_revenue,,,False,False
__setup__.account_account_meteotest_8714,8714,Auflösung Arbeitgeberbeitragsreserve,account.data_account_type_revenue,,,False,False
__setup__.account_account_meteotest_8719,8719,Übriger periodenfremder Ertrag,account.data_account_type_revenue,,,False,False
__setup__.account_account_meteotest_8900,8900,Kantons- und Gemeindesteuern,account.data_account_type_expenses,,,False,False
__setup__.account_account_meteotest_8901,8901,Direkte Bundessteuern,account.data_account_type_expenses,,,False,False
__setup__.account_account_meteotest_8902,8902,Periodenfremde direkte Steuern,account.data_account_type_expenses,,,False,False
__setup__.account_account_meteotest_999999,999999,Undistributed Profits/Losses,account.data_unaffected_earnings,,,False,False
